{
    "yes": {
        "creative_writing": {
            "BLEU": 8.995799871208889e-06,
            "METEOR": {
                "meteor": 0.020503986650296523
            },
            "ChrF": 4.254486007114944,
            "ROUGE": {
                "rouge1": 0.024170965364775233,
                "rouge2": 0.010526315789473684,
                "rougeL": 0.024170965364775233,
                "rougeLsum": 0.024170965364775233
            },
            "BERTScore": 0.527419063448906
        },
        "brainstorming": {
            "BLEU": 4.25460253965812e-06,
            "METEOR": {
                "meteor": 0.02042847495221741
            },
            "ChrF": 3.9224220398927985,
            "ROUGE": {
                "rouge1": 0.018368650060733124,
                "rouge2": 0.0010869565217391304,
                "rougeL": 0.017957919036763942,
                "rougeLsum": 0.01868316087978645
            },
            "BERTScore": 0.5537887458568034
        },
        "multiple_choice": {
            "BLEU": 0.039374212444692025,
            "METEOR": {
                "meteor": 0.07004829768714302
            },
            "ChrF": 8.76139286799162,
            "ROUGE": {
                "rouge1": 0.0813032759960507,
                "rouge2": 0.016415061905880896,
                "rougeL": 0.08025576967923033,
                "rougeLsum": 0.08117910493415628
            },
            "BERTScore": 0.6632120494925698,
            "SQuAD": {
                "exact_match": 0.0,
                "f1": 5.115900161531291
            }
        },
        "classification": {
            "BLEU": 1.3612085977159126e-06,
            "METEOR": {
                "meteor": 0.029628937302874723
            },
            "ChrF": 3.854257557282527,
            "ROUGE": {
                "rouge1": 0.024576353952427868,
                "rouge2": 0.0058764798174297545,
                "rougeL": 0.023327869921153675,
                "rougeLsum": 0.02315731576857747
            },
            "BERTScore": 0.62662043682928,
            "SQuAD": {
                "exact_match": 0.0,
                "f1": 2.4861113912293824
            }
        },
        "closed_qa": {
            "BLEU": 5.32939322017793e-05,
            "METEOR": {
                "meteor": 0.024389959016756523
            },
            "ChrF": 3.670486083260004,
            "ROUGE": {
                "rouge1": 0.028682756137772193,
                "rouge2": 0.006772956645344705,
                "rougeL": 0.027968469818997678,
                "rougeLsum": 0.028233643098200915
            },
            "BERTScore": 0.48217932556356696,
            "SQuAD": {
                "exact_match": 0.0,
                "f1": 2.2340139279784434
            }
        },
        "open_qa": {
            "BLEU": 1.6073134057963078e-05,
            "METEOR": {
                "meteor": 0.02648573082051294
            },
            "ChrF": 4.174190455328132,
            "ROUGE": {
                "rouge1": 0.02568766397216747,
                "rouge2": 0.006937468585784422,
                "rougeL": 0.025310792277592194,
                "rougeLsum": 0.02521040516045624
            },
            "BERTScore": 0.5874496355843578,
            "SQuAD": {
                "exact_match": 0.0,
                "f1": 1.2868324895157475
            }
        },
        "summarization": {
            "BLEU": 0.02683972106670474,
            "METEOR": {
                "meteor": 0.0647395806744947
            },
            "ChrF": 7.60032813998217,
            "ROUGE": {
                "rouge1": 0.050005305944045154,
                "rouge2": 0.02056684360837844,
                "rougeL": 0.048009157103494786,
                "rougeLsum": 0.0483458297374531
            },
            "BERTScore": 0.5715002202083249
        }
    },
    "no": {
        "creative_writing": {
            "BLEU": 2.2946565405949233e-05,
            "METEOR": {
                "meteor": 0.02397463685799148
            },
            "ChrF": 4.164366703102878,
            "ROUGE": {
                "rouge1": 0.02612988670450675,
                "rouge2": 0.008341203789646583,
                "rougeL": 0.026605933494746603,
                "rougeLsum": 0.026839777462274898
            },
            "BERTScore": 0.545610513824683
        },
        "closed_qa": {
            "BLEU": 0.0020722906803199233,
            "METEOR": {
                "meteor": 0.03425507330111498
            },
            "ChrF": 5.203117871733796,
            "ROUGE": {
                "rouge1": 0.036232723589181205,
                "rouge2": 0.018853987979138804,
                "rougeL": 0.035727647215419836,
                "rougeLsum": 0.035923296686151504
            },
            "BERTScore": 0.5625134859783727,
            "SQuAD": {
                "exact_match": 0.0,
                "f1": 2.852058480978549
            }
        },
        "multiple_choice": {
            "BLEU": 0.026828800002903174,
            "METEOR": {
                "meteor": 0.05777944554658114
            },
            "ChrF": 7.85947070369135,
            "ROUGE": {
                "rouge1": 0.038153531183739556,
                "rouge2": 0.009345709551434492,
                "rougeL": 0.037030578013424555,
                "rougeLsum": 0.03749102549806475
            },
            "BERTScore": 0.6536916502597142,
            "SQuAD": {
                "exact_match": 0.0,
                "f1": 2.976113479335194
            }
        },
        "brainstorming": {
            "BLEU": 1.725855986238868e-05,
            "METEOR": {
                "meteor": 0.02450682970938482
            },
            "ChrF": 4.272204803716501,
            "ROUGE": {
                "rouge1": 0.01913735775029113,
                "rouge2": 0.003021419729862176,
                "rougeL": 0.019059304265842333,
                "rougeLsum": 0.01924247519652749
            },
            "BERTScore": 0.584640616466149
        },
        "classification": {
            "BLEU": 6.832815030965614e-08,
            "METEOR": {
                "meteor": 0.027773825832199728
            },
            "ChrF": 3.395848494902369,
            "ROUGE": {
                "rouge1": 0.023493080642458312,
                "rouge2": 0.007153139267838112,
                "rougeL": 0.02334764500533084,
                "rougeLsum": 0.023230548008803968
            },
            "BERTScore": 0.64614173218573,
            "SQuAD": {
                "exact_match": 0.0,
                "f1": 2.459836004155427
            }
        },
        "open_qa": {
            "BLEU": 8.39502250729178e-06,
            "METEOR": {
                "meteor": 0.02386635477293466
            },
            "ChrF": 3.932802528506351,
            "ROUGE": {
                "rouge1": 0.016322189785764763,
                "rouge2": 0.00421363011025958,
                "rougeL": 0.01622301259762505,
                "rougeLsum": 0.016276116564957345
            },
            "BERTScore": 0.6027224101876253,
            "SQuAD": {
                "exact_match": 0.0,
                "f1": 0.868426992261913
            }
        },
        "summarization": {
            "BLEU": 0.01157204908485253,
            "METEOR": {
                "meteor": 0.05188317449644472
            },
            "ChrF": 6.476288319297481,
            "ROUGE": {
                "rouge1": 0.05233510792564253,
                "rouge2": 0.022346614114228353,
                "rougeL": 0.050921751951067025,
                "rougeLsum": 0.05092935375933986
            },
            "BERTScore": 0.58274202550542
        }
    }
}