{
    "yes": {
        "creative_writing": {
            "BLEU": 7.156093366448744e-05,
            "METEOR": {
                "meteor": 0.022403254113736067
            },
            "ChrF": 4.1784969049829215,
            "ROUGE": {
                "rouge1": 0.02967515364354697,
                "rouge2": 0.010235478806907377,
                "rougeL": 0.02967515364354697,
                "rougeLsum": 0.02967515364354697
            },
            "BERTScore": 0.5852626740932465
        },
        "brainstorming": {
            "BLEU": 0.00047511700180921873,
            "METEOR": {
                "meteor": 0.019302416460745726
            },
            "ChrF": 3.2310417097874704,
            "ROUGE": {
                "rouge1": 0.016793440753743213,
                "rouge2": 0.0010869565217391304,
                "rougeL": 0.01667828373877523,
                "rougeLsum": 0.017009846735744658
            },
            "BERTScore": 0.5563778618107671
        },
        "multiple_choice": {
            "BLEU": 2.455582196934958e-46,
            "METEOR": {
                "meteor": 0.00406774900315278
            },
            "ChrF": 0.04809323616494991,
            "ROUGE": {
                "rouge1": 0.01007085222538999,
                "rouge2": 0.0,
                "rougeL": 0.009844812799939161,
                "rougeLsum": 0.009856538030812639
            },
            "BERTScore": 0.3195640443022861,
            "SQuAD": {
                "exact_match": 0.0,
                "f1": 0.9607385292495069
            }
        },
        "classification": {
            "BLEU": 4.7975044543721265e-56,
            "METEOR": {
                "meteor": 0.0028202946391500386
            },
            "ChrF": 0.2877085634821184,
            "ROUGE": {
                "rouge1": 0.0002300966405890474,
                "rouge2": 0.00015634771732332708,
                "rougeL": 0.0002300966405890474,
                "rougeLsum": 0.0002300966405890474
            },
            "BERTScore": 0.44565272549303564,
            "SQuAD": {
                "exact_match": 0.0,
                "f1": 1.1150908757762068
            }
        },
        "closed_qa": {
            "BLEU": 9.069620821887772e-52,
            "METEOR": {
                "meteor": 0.002793871329943033
            },
            "ChrF": 0.32991083122299475,
            "ROUGE": {
                "rouge1": 0.001670843776106934,
                "rouge2": 0.0016229923922231617,
                "rougeL": 0.001979724084987243,
                "rougeLsum": 0.001670843776106934
            },
            "BERTScore": 0.2872236549854279,
            "SQuAD": {
                "exact_match": 0.0,
                "f1": 0.24248644411234466
            }
        },
        "summarization": {
            "BLEU": 3.337573930601849e-18,
            "METEOR": {
                "meteor": 0.010037765309934414
            },
            "ChrF": 1.022704612064092,
            "ROUGE": {
                "rouge1": 0.011528285742536122,
                "rouge2": 0.0035811233251818258,
                "rougeL": 0.011061157055284886,
                "rougeLsum": 0.011011432470941156
            },
            "BERTScore": 0.3770482258179942
        },
        "open_qa": {
            "BLEU": 1.3673681816964429e-06,
            "METEOR": {
                "meteor": 0.01565642260320614
            },
            "ChrF": 2.751809365044091,
            "ROUGE": {
                "rouge1": 0.013658116535405069,
                "rouge2": 0.0016844976867399514,
                "rougeL": 0.013288856481816373,
                "rougeLsum": 0.01322352878059789
            },
            "BERTScore": 0.5233374331702888,
            "SQuAD": {
                "exact_match": 0.0,
                "f1": 0.5334531380033901
            }
        }
    },
    "no": {
        "creative_writing": {
            "BLEU": 0.0002993736520050821,
            "METEOR": {
                "meteor": 0.024845723622578204
            },
            "ChrF": 4.350049203335606,
            "ROUGE": {
                "rouge1": 0.036417750717382805,
                "rouge2": 0.01243669945800251,
                "rougeL": 0.03741948160664677,
                "rougeLsum": 0.037254358071795904
            },
            "BERTScore": 0.5854053812531325
        },
        "closed_qa": {
            "BLEU": 1.8990203288028965e-27,
            "METEOR": {
                "meteor": 0.0052579701601131795
            },
            "ChrF": 0.7195308246373759,
            "ROUGE": {
                "rouge1": 0.007646297988957918,
                "rouge2": 0.000819672131147541,
                "rougeL": 0.007296530660267872,
                "rougeLsum": 0.007584908620283944
            },
            "BERTScore": 0.349623259828716,
            "SQuAD": {
                "exact_match": 0.0,
                "f1": 0.5070964431785819
            }
        },
        "multiple_choice": {
            "BLEU": 1.7798092934149332e-53,
            "METEOR": {
                "meteor": 0.0018685178518436862
            },
            "ChrF": 0.06439620714593887,
            "ROUGE": {
                "rouge1": 0.01307764894790486,
                "rouge2": 0.0007217610970768675,
                "rougeL": 0.012959611973629905,
                "rougeLsum": 0.012639376118412381
            },
            "BERTScore": 0.29634329758904465,
            "SQuAD": {
                "exact_match": 0.0,
                "f1": 0.7561513349353663
            }
        },
        "brainstorming": {
            "BLEU": 8.677763738453595e-05,
            "METEOR": {
                "meteor": 0.020676716551472615
            },
            "ChrF": 3.8212808152440965,
            "ROUGE": {
                "rouge1": 0.014000218533686373,
                "rouge2": 0.003871572337436291,
                "rougeL": 0.013870216825116069,
                "rougeLsum": 0.013729340281164855
            },
            "BERTScore": 0.5662849905024265
        },
        "classification": {
            "BLEU": 1.017684170230828e-21,
            "METEOR": {
                "meteor": 0.007074868403718635
            },
            "ChrF": 0.9917968369647044,
            "ROUGE": {
                "rouge1": 0.0037618473024290068,
                "rouge2": 0.0009324312603001127,
                "rougeL": 0.0036977034156091635,
                "rougeLsum": 0.003622470780901707
            },
            "BERTScore": 0.47881672445867884,
            "SQuAD": {
                "exact_match": 0.0,
                "f1": 0.6936435570721139
            }
        },
        "open_qa": {
            "BLEU": 5.9783199518321434e-05,
            "METEOR": {
                "meteor": 0.021292566683060846
            },
            "ChrF": 3.720493242670922,
            "ROUGE": {
                "rouge1": 0.01396689043187907,
                "rouge2": 0.0027264133253223446,
                "rougeL": 0.01343122937823653,
                "rougeLsum": 0.013381085251221215
            },
            "BERTScore": 0.5946990564065492,
            "SQuAD": {
                "exact_match": 0.0,
                "f1": 0.6502689159209787
            }
        },
        "summarization": {
            "BLEU": 3.157791025902011e-16,
            "METEOR": {
                "meteor": 0.010434640150666091
            },
            "ChrF": 1.209023522885121,
            "ROUGE": {
                "rouge1": 0.013809937770298847,
                "rouge2": 0.004423197198854955,
                "rougeL": 0.013451928082396406,
                "rougeLsum": 0.013606242091556423
            },
            "BERTScore": 0.3967145894731864
        }
    }
}