{
    "yes": {
        "creative_writing": {
            "BLEU": 0.49140241233833,
            "METEOR": {
                "meteor": 0.09064448041890724
            },
            "ChrF": 18.975383142245132,
            "ROUGE": {
                "rouge1": 0.09707892838529533,
                "rouge2": 0.027828281505156614,
                "rougeL": 0.08854234001292824,
                "rougeLsum": 0.09045376819976361
            },
            "BERTScore": 0.6417539566755295
        },
        "brainstorming": {
            "BLEU": 0.38925884380606357,
            "METEOR": {
                "meteor": 0.0770845604621534
            },
            "ChrF": 14.510176687994047,
            "ROUGE": {
                "rouge1": 0.12033486409575114,
                "rouge2": 0.04453654065233438,
                "rougeL": 0.11407376619630238,
                "rougeLsum": 0.11437280242894454
            },
            "BERTScore": 0.6899440353331359
        },
        "multiple_choice": {
            "BLEU": 2.651095740536008,
            "METEOR": {
                "meteor": 0.11608284171595168
            },
            "ChrF": 15.94911883205136,
            "ROUGE": {
                "rouge1": 0.17695412780447095,
                "rouge2": 0.04648282923974198,
                "rougeL": 0.1670677834718325,
                "rougeLsum": 0.16786983081974777
            },
            "BERTScore": 0.6990891135362691,
            "SQuAD": {
                "exact_match": 0.0,
                "f1": 10.967295535922752
            }
        },
        "closed_qa": {
            "BLEU": 1.1988328430926478,
            "METEOR": {
                "meteor": 0.12515636883110243
            },
            "ChrF": 14.615282705816034,
            "ROUGE": {
                "rouge1": 0.16859713233317522,
                "rouge2": 0.10447821491405099,
                "rougeL": 0.1606880746103495,
                "rougeLsum": 0.16069125748599272
            },
            "BERTScore": 0.6148996581350055,
            "SQuAD": {
                "exact_match": 0.0,
                "f1": 14.459890133187548
            }
        },
        "classification": {
            "BLEU": 0.8527643068686233,
            "METEOR": {
                "meteor": 0.0871964342032845
            },
            "ChrF": 14.884381236465327,
            "ROUGE": {
                "rouge1": 0.05698255049925542,
                "rouge2": 0.011404032947581955,
                "rougeL": 0.05162299443270377,
                "rougeLsum": 0.052114813505509394
            },
            "BERTScore": 0.7336236555886463,
            "SQuAD": {
                "exact_match": 0.0,
                "f1": 3.95765953954449
            }
        },
        "open_qa": {
            "BLEU": 0.8238081696465479,
            "METEOR": {
                "meteor": 0.07563909016715878
            },
            "ChrF": 14.64051814357095,
            "ROUGE": {
                "rouge1": 0.10298566372709879,
                "rouge2": 0.04597515146117649,
                "rougeL": 0.09806767353515687,
                "rougeLsum": 0.09813683775398248
            },
            "BERTScore": 0.6822646845709718,
            "SQuAD": {
                "exact_match": 0.0,
                "f1": 3.8025663125055917
            }
        },
        "summarization": {
            "BLEU": 9.254741524231497,
            "METEOR": {
                "meteor": 0.21911802812825965
            },
            "ChrF": 27.359276040015768,
            "ROUGE": {
                "rouge1": 0.21097196132814033,
                "rouge2": 0.12481768123476568,
                "rougeL": 0.20269176355669946,
                "rougeLsum": 0.2032687215099443
            },
            "BERTScore": 0.7574101471813767
        }
    },
    "no": {
        "creative_writing": {
            "BLEU": 1.1519826841092935,
            "METEOR": {
                "meteor": 0.11410518161606335
            },
            "ChrF": 21.9323089105355,
            "ROUGE": {
                "rouge1": 0.15682432739154606,
                "rouge2": 0.0876035303739245,
                "rougeL": 0.15177525660990188,
                "rougeLsum": 0.15373526498524792
            },
            "BERTScore": 0.6933071335347799
        },
        "multiple_choice": {
            "BLEU": 0.3717404401178887,
            "METEOR": {
                "meteor": 0.07985734010172656
            },
            "ChrF": 11.000687260416518,
            "ROUGE": {
                "rouge1": 0.12335788208280249,
                "rouge2": 0.033895808982208106,
                "rougeL": 0.1144385348945659,
                "rougeLsum": 0.11434127080997877
            },
            "BERTScore": 0.6683066197973819,
            "SQuAD": {
                "exact_match": 0.0,
                "f1": 6.626975812051799
            }
        },
        "closed_qa": {
            "BLEU": 4.201980075660617,
            "METEOR": {
                "meteor": 0.15146160606890238
            },
            "ChrF": 19.934162824408713,
            "ROUGE": {
                "rouge1": 0.1699341232101989,
                "rouge2": 0.11029287283913221,
                "rougeL": 0.16297210638663626,
                "rougeLsum": 0.1633006299031877
            },
            "BERTScore": 0.7043447538477475,
            "SQuAD": {
                "exact_match": 0.0,
                "f1": 16.058859083253694
            }
        },
        "classification": {
            "BLEU": 0.32869196803321266,
            "METEOR": {
                "meteor": 0.07517505580713253
            },
            "ChrF": 12.520156230841984,
            "ROUGE": {
                "rouge1": 0.061870951862706844,
                "rouge2": 0.023001975604217646,
                "rougeL": 0.05959578096058124,
                "rougeLsum": 0.059344770947009684
            },
            "BERTScore": 0.7569877204487419,
            "SQuAD": {
                "exact_match": 0.0,
                "f1": 3.674446565114924
            }
        },
        "brainstorming": {
            "BLEU": 0.5039532731528841,
            "METEOR": {
                "meteor": 0.08563245961178641
            },
            "ChrF": 16.375297585999192,
            "ROUGE": {
                "rouge1": 0.15370884703744714,
                "rouge2": 0.07188617584158577,
                "rougeL": 0.1479958515343303,
                "rougeLsum": 0.14838222063715223
            },
            "BERTScore": 0.7175511589957946
        },
        "open_qa": {
            "BLEU": 0.4588084456250932,
            "METEOR": {
                "meteor": 0.07564348411625908
            },
            "ChrF": 14.122462820876589,
            "ROUGE": {
                "rouge1": 0.09222879180215302,
                "rouge2": 0.03848449149626089,
                "rougeL": 0.08745889544935145,
                "rougeLsum": 0.08734882837481339
            },
            "BERTScore": 0.7277742332926799,
            "SQuAD": {
                "exact_match": 0.0,
                "f1": 3.35005004407662
            }
        },
        "summarization": {
            "BLEU": 7.551987969431447,
            "METEOR": {
                "meteor": 0.19822105153387273
            },
            "ChrF": 24.807857722953596,
            "ROUGE": {
                "rouge1": 0.21798530897695803,
                "rouge2": 0.1303182206570507,
                "rougeL": 0.20718374998770422,
                "rougeLsum": 0.20744286451626873
            },
            "BERTScore": 0.7837094061445883
        }
    }
}