{
    "yes": {
        "brainstorming": {
            "BLEU": 1.671222380712166,
            "METEOR": {
                "meteor": 0.12320529585745177
            },
            "ChrF": 24.072209912219293,
            "ROUGE": {
                "rouge1": 0.22340308889248886,
                "rouge2": 0.0772765171554114,
                "rougeL": 0.2055755685785237,
                "rougeLsum": 0.20827917954492525
            },
            "BERTScore": 0.7513008648934572
        },
        "creative_writing": {
            "BLEU": 0.9261617890465771,
            "METEOR": {
                "meteor": 0.1077330945259249
            },
            "ChrF": 21.441581409558406,
            "ROUGE": {
                "rouge1": 0.1514197771792153,
                "rouge2": 0.05058750773036487,
                "rougeL": 0.15027375356522743,
                "rougeLsum": 0.14949696523795625
            },
            "BERTScore": 0.6546077787876129
        },
        "multiple_choice": {
            "BLEU": 0.8491565956467857,
            "METEOR": {
                "meteor": 0.08321368972100518
            },
            "ChrF": 14.558996982025981,
            "ROUGE": {
                "rouge1": 0.12096041666677645,
                "rouge2": 0.024462084172970446,
                "rougeL": 0.11434551314910799,
                "rougeLsum": 0.11475490729898102
            },
            "BERTScore": 0.6857826999107073,
            "SQuAD": {
                "exact_match": 0.0,
                "f1": 4.2750252966227595
            }
        },
        "classification": {
            "BLEU": 0.6399805043771641,
            "METEOR": {
                "meteor": 0.07990856252817723
            },
            "ChrF": 15.285391729651323,
            "ROUGE": {
                "rouge1": 0.053997832626605805,
                "rouge2": 0.015680084443238075,
                "rougeL": 0.05107497615947715,
                "rougeLsum": 0.050996410606483494
            },
            "BERTScore": 0.7259959712987993,
            "SQuAD": {
                "exact_match": 0.0,
                "f1": 3.3851960508912255
            }
        },
        "closed_qa": {
            "BLEU": 1.0606611512665596,
            "METEOR": {
                "meteor": 0.07901667535185342
            },
            "ChrF": 12.784793306263053,
            "ROUGE": {
                "rouge1": 0.08006659202994788,
                "rouge2": 0.03590171000202114,
                "rougeL": 0.07187861115449824,
                "rougeLsum": 0.07133282059853253
            },
            "BERTScore": 0.5579986897536687,
            "SQuAD": {
                "exact_match": 0.0,
                "f1": 3.1989722153768922
            }
        },
        "open_qa": {
            "BLEU": 0.8691266749410967,
            "METEOR": {
                "meteor": 0.08989741268341954
            },
            "ChrF": 18.150151546037833,
            "ROUGE": {
                "rouge1": 0.13958194931645232,
                "rouge2": 0.07000933630769517,
                "rougeL": 0.1344091786869292,
                "rougeLsum": 0.13507546329225023
            },
            "BERTScore": 0.6880657066237367,
            "SQuAD": {
                "exact_match": 0.0,
                "f1": 3.9498822473934108
            }
        },
        "summarization": {
            "BLEU": 2.849376258419863,
            "METEOR": {
                "meteor": 0.13039290248796626
            },
            "ChrF": 22.0011438504513,
            "ROUGE": {
                "rouge1": 0.13237527243969047,
                "rouge2": 0.05967969286809739,
                "rougeL": 0.1256157769827946,
                "rougeLsum": 0.12588281355593273
            },
            "BERTScore": 0.7197449767665846
        }
    },
    "no": {
        "creative_writing": {
            "BLEU": 1.1343818390004803,
            "METEOR": {
                "meteor": 0.11356957703583731
            },
            "ChrF": 22.189319095355806,
            "ROUGE": {
                "rouge1": 0.11301266722959227,
                "rouge2": 0.04735340754635375,
                "rougeL": 0.10529275379900185,
                "rougeLsum": 0.1076894724358072
            },
            "BERTScore": 0.6710453001925578
        },
        "multiple_choice": {
            "BLEU": 1.0320651128379097,
            "METEOR": {
                "meteor": 0.07995035376960517
            },
            "ChrF": 14.298289711580777,
            "ROUGE": {
                "rouge1": 0.07451304897840094,
                "rouge2": 0.015000757675671661,
                "rougeL": 0.06954463053031648,
                "rougeLsum": 0.06933296718300139
            },
            "BERTScore": 0.6927677222921804,
            "SQuAD": {
                "exact_match": 0.0,
                "f1": 3.1640766787994963
            }
        },
        "closed_qa": {
            "BLEU": 1.5900075346813458,
            "METEOR": {
                "meteor": 0.09020205099015735
            },
            "ChrF": 17.07830612635773,
            "ROUGE": {
                "rouge1": 0.05308060378400808,
                "rouge2": 0.01841457832831668,
                "rougeL": 0.049444862933995776,
                "rougeLsum": 0.0498309099116607
            },
            "BERTScore": 0.6632957217878982,
            "SQuAD": {
                "exact_match": 0.0,
                "f1": 2.6944237275019693
            }
        },
        "classification": {
            "BLEU": 1.0868405960084087,
            "METEOR": {
                "meteor": 0.0939248186819269
            },
            "ChrF": 17.102558552186803,
            "ROUGE": {
                "rouge1": 0.07645759276475148,
                "rouge2": 0.02429483546732835,
                "rougeL": 0.07283795311621771,
                "rougeLsum": 0.07239947893254187
            },
            "BERTScore": 0.7804538653661831,
            "SQuAD": {
                "exact_match": 0.0,
                "f1": 4.533820911026712
            }
        },
        "brainstorming": {
            "BLEU": 1.2824207359616688,
            "METEOR": {
                "meteor": 0.1193811416723011
            },
            "ChrF": 21.97049181587645,
            "ROUGE": {
                "rouge1": 0.2286178311742425,
                "rouge2": 0.11315109992713412,
                "rougeL": 0.22042553783115437,
                "rougeLsum": 0.2201237821761151
            },
            "BERTScore": 0.7367468719188394
        },
        "open_qa": {
            "BLEU": 1.2843260666622125,
            "METEOR": {
                "meteor": 0.10525486596965877
            },
            "ChrF": 20.837773042140025,
            "ROUGE": {
                "rouge1": 0.17814660790422904,
                "rouge2": 0.09446465968569412,
                "rougeL": 0.17197719645568563,
                "rougeLsum": 0.17175647032980557
            },
            "BERTScore": 0.7322931804379628,
            "SQuAD": {
                "exact_match": 0.0,
                "f1": 5.1546157454620145
            }
        },
        "summarization": {
            "BLEU": 2.6667562994335667,
            "METEOR": {
                "meteor": 0.12976408825741675
            },
            "ChrF": 20.797835556488753,
            "ROUGE": {
                "rouge1": 0.1173576617759938,
                "rouge2": 0.05303702225565265,
                "rougeL": 0.11036460437621493,
                "rougeLsum": 0.11049314036687105
            },
            "BERTScore": 0.7506491168777067
        }
    }
}