{
    "yes": {
        "creative_writing": {
            "BLEU": 8.795126069514085e-12,
            "METEOR": {
                "meteor": 0.012306754967751703
            },
            "ChrF": 2.1400552641274295,
            "ROUGE": {
                "rouge1": 0.003125,
                "rouge2": 0.0,
                "rougeL": 0.003125,
                "rougeLsum": 0.003125
            },
            "BERTScore": 0.4708196818828583
        },
        "brainstorming": {
            "BLEU": 3.4435264486138336e-08,
            "METEOR": {
                "meteor": 0.015397020011960312
            },
            "ChrF": 3.0352563202725262,
            "ROUGE": {
                "rouge1": 0.01550978896516654,
                "rouge2": 0.0,
                "rougeL": 0.015557299959210558,
                "rougeLsum": 0.015175411590241984
            },
            "BERTScore": 0.5157956947451052
        },
        "multiple_choice": {
            "BLEU": 1.1324918223219402e-06,
            "METEOR": {
                "meteor": 0.019116046282900104
            },
            "ChrF": 3.2926396491750385,
            "ROUGE": {
                "rouge1": 0.0450502145942952,
                "rouge2": 0.002937576499388005,
                "rougeL": 0.04302376102102104,
                "rougeLsum": 0.04290233174182709
            },
            "BERTScore": 0.5285985689870146,
            "SQuAD": {
                "exact_match": 0.0,
                "f1": 1.3783574906729834
            }
        },
        "classification": {
            "BLEU": 3.0996276765810772e-09,
            "METEOR": {
                "meteor": 0.013325699406492378
            },
            "ChrF": 2.413063462939137,
            "ROUGE": {
                "rouge1": 0.01338117528273885,
                "rouge2": 0.0004065040650406504,
                "rougeL": 0.01334694617792398,
                "rougeLsum": 0.013299374371550802
            },
            "BERTScore": 0.5254978524233268,
            "SQuAD": {
                "exact_match": 0.0,
                "f1": 0.6376878343236279
            }
        },
        "closed_qa": {
            "BLEU": 1.434503096457184e-10,
            "METEOR": {
                "meteor": 0.013451028298570238
            },
            "ChrF": 2.080459140867604,
            "ROUGE": {
                "rouge1": 0.013873787750699083,
                "rouge2": 0.0017133889795471484,
                "rougeL": 0.013592238418278675,
                "rougeLsum": 0.013595655187143297
            },
            "BERTScore": 0.4227424321855818,
            "SQuAD": {
                "exact_match": 0.0,
                "f1": 0.8276957648283575
            }
        },
        "open_qa": {
            "BLEU": 2.9372957882368813e-10,
            "METEOR": {
                "meteor": 0.012240063842600683
            },
            "ChrF": 2.2575623932755535,
            "ROUGE": {
                "rouge1": 0.010381401586976651,
                "rouge2": 0.0015388594335962757,
                "rougeL": 0.010305513856162607,
                "rougeLsum": 0.010242385138068091
            },
            "BERTScore": 0.49792055009862946,
            "SQuAD": {
                "exact_match": 0.0,
                "f1": 0.4395139590606397
            }
        },
        "summarization": {
            "BLEU": 0.0013694328899455635,
            "METEOR": {
                "meteor": 0.03197873073044724
            },
            "ChrF": 5.080615928477366,
            "ROUGE": {
                "rouge1": 0.02517579050789978,
                "rouge2": 0.0051992792698499594,
                "rougeL": 0.024666599268051596,
                "rougeLsum": 0.024760115984587796
            },
            "BERTScore": 0.5125059904002839
        }
    },
    "no": {
        "creative_writing": {
            "BLEU": 1.83984657648526e-12,
            "METEOR": {
                "meteor": 0.0114006750131609
            },
            "ChrF": 2.069274219696816,
            "ROUGE": {
                "rouge1": 0.003433076887536724,
                "rouge2": 0.0,
                "rougeL": 0.0033693739993846377,
                "rougeLsum": 0.0034072051204822387
            },
            "BERTScore": 0.4735855133487628
        },
        "closed_qa": {
            "BLEU": 1.1718930282529353e-08,
            "METEOR": {
                "meteor": 0.015027082877185278
            },
            "ChrF": 2.697273215008777,
            "ROUGE": {
                "rouge1": 0.013436112828630935,
                "rouge2": 0.003278688524590164,
                "rougeL": 0.01316539597097341,
                "rougeLsum": 0.013131330498890864
            },
            "BERTScore": 0.5062023674244763,
            "SQuAD": {
                "exact_match": 0.0,
                "f1": 0.5806130418327142
            }
        },
        "multiple_choice": {
            "BLEU": 1.2866972106459208e-06,
            "METEOR": {
                "meteor": 0.019901963231405178
            },
            "ChrF": 3.231175530523133,
            "ROUGE": {
                "rouge1": 0.039341619026085434,
                "rouge2": 0.001577208713146718,
                "rougeL": 0.03961520683972149,
                "rougeLsum": 0.03972114606642889
            },
            "BERTScore": 0.5416606817325932,
            "SQuAD": {
                "exact_match": 0.0,
                "f1": 1.0932048265383842
            }
        },
        "brainstorming": {
            "BLEU": 3.2396609644201366e-08,
            "METEOR": {
                "meteor": 0.01749723885832869
            },
            "ChrF": 3.153057880388936,
            "ROUGE": {
                "rouge1": 0.00747333007759517,
                "rouge2": 0.0010167605916361184,
                "rougeL": 0.007522528430095226,
                "rougeLsum": 0.007395412034232255
            },
            "BERTScore": 0.5555124401087416
        },
        "classification": {
            "BLEU": 1.897476789180842e-08,
            "METEOR": {
                "meteor": 0.016519996328147553
            },
            "ChrF": 2.7542532506002604,
            "ROUGE": {
                "rouge1": 0.00608732214909859,
                "rouge2": 0.0007025761124121781,
                "rougeL": 0.005997024574469169,
                "rougeLsum": 0.006111332669720982
            },
            "BERTScore": 0.5638609857972389,
            "SQuAD": {
                "exact_match": 0.0,
                "f1": 0.9572705316843094
            }
        },
        "open_qa": {
            "BLEU": 7.624385769015687e-10,
            "METEOR": {
                "meteor": 0.012617875790805831
            },
            "ChrF": 2.328722433234507,
            "ROUGE": {
                "rouge1": 0.011927378303610969,
                "rouge2": 0.0007297198223376598,
                "rougeL": 0.012013630120922117,
                "rougeLsum": 0.01205139465431055
            },
            "BERTScore": 0.518875997338519,
            "SQuAD": {
                "exact_match": 0.0,
                "f1": 0.6809381156275032
            }
        },
        "summarization": {
            "BLEU": 1.0534991972545822e-05,
            "METEOR": {
                "meteor": 0.02430241204443218
            },
            "ChrF": 3.5261735001955214,
            "ROUGE": {
                "rouge1": 0.02101173312958278,
                "rouge2": 0.003051111304024801,
                "rougeL": 0.020634837109815063,
                "rougeLsum": 0.020608581935042378
            },
            "BERTScore": 0.5195697333666232
        }
    }
}