{
    "yes": {
        "creative_writing": {
            "BLEU": 0.00015065234453410254,
            "METEOR": {
                "meteor": 0.019402953704338574
            },
            "ChrF": 3.7927182110056203,
            "ROUGE": {
                "rouge1": 0.010166982922201138,
                "rouge2": 0.0,
                "rougeL": 0.00988235294117647,
                "rougeLsum": 0.00988235294117647
            },
            "BERTScore": 0.5210391849279403
        },
        "brainstorming": {
            "BLEU": 0.0010704767874966743,
            "METEOR": {
                "meteor": 0.02593926345155521
            },
            "ChrF": 5.0340751383845435,
            "ROUGE": {
                "rouge1": 0.027280379597075084,
                "rouge2": 0.004830917874396135,
                "rougeL": 0.028385851000278055,
                "rougeLsum": 0.028164244823537746
            },
            "BERTScore": 0.5462921909663988
        },
        "closed_qa": {
            "BLEU": 0.0063632305442409805,
            "METEOR": {
                "meteor": 0.009767992107774579
            },
            "ChrF": 1.971055909996494,
            "ROUGE": {
                "rouge1": 0.004244897959183674,
                "rouge2": 0.0029254955570745043,
                "rougeL": 0.004244897959183674,
                "rougeLsum": 0.004244897959183674
            },
            "BERTScore": 0.18179261888776507,
            "SQuAD": {
                "exact_match": 0.0,
                "f1": 0.2858754526382463
            }
        },
        "multiple_choice": {
            "BLEU": 0.004146687130126064,
            "METEOR": {
                "meteor": 0.027557126057440855
            },
            "ChrF": 5.004546861932722,
            "ROUGE": {
                "rouge1": 0.021012215451206188,
                "rouge2": 0.0022343821249430004,
                "rougeL": 0.021252662858108496,
                "rougeLsum": 0.020817816202557
            },
            "BERTScore": 0.536479416281678,
            "SQuAD": {
                "exact_match": 0.0,
                "f1": 0.7281301855061956
            }
        },
        "classification": {
            "BLEU": 0.0015529708241782362,
            "METEOR": {
                "meteor": 0.02325749777549463
            },
            "ChrF": 4.6212184918727095,
            "ROUGE": {
                "rouge1": 0.010527520593130217,
                "rouge2": 0.0007140930225177335,
                "rougeL": 0.010082962240017826,
                "rougeLsum": 0.00993149573650302
            },
            "BERTScore": 0.5322391794222158,
            "SQuAD": {
                "exact_match": 0.0,
                "f1": 0.5162383979217018
            }
        },
        "summarization": {
            "BLEU": 0.10558894822835506,
            "METEOR": {
                "meteor": 0.028786360815394398
            },
            "ChrF": 6.076825777721871,
            "ROUGE": {
                "rouge1": 0.0042156453630746845,
                "rouge2": 0.0008969057253819058,
                "rougeL": 0.004167813350939154,
                "rougeLsum": 0.00413037396001447
            },
            "BERTScore": 0.37106411789681837
        },
        "open_qa": {
            "BLEU": 0.000534925964613203,
            "METEOR": {
                "meteor": 0.020796078893919562
            },
            "ChrF": 4.1674676948264935,
            "ROUGE": {
                "rouge1": 0.010251553114313335,
                "rouge2": 0.000394105657263552,
                "rougeL": 0.009131375246485522,
                "rougeLsum": 0.009129717982401865
            },
            "BERTScore": 0.5239657333616172,
            "SQuAD": {
                "exact_match": 0.0,
                "f1": 0.4584006489837606
            }
        }
    },
    "no": {
        "creative_writing": {
            "BLEU": 0.00033034307302384823,
            "METEOR": {
                "meteor": 0.024010700411074892
            },
            "ChrF": 4.298311283973489,
            "ROUGE": {
                "rouge1": 0.021120469884302114,
                "rouge2": 0.010044613713396386,
                "rougeL": 0.017949252292744432,
                "rougeLsum": 0.018009530346062487
            },
            "BERTScore": 0.523401728616311
        },
        "closed_qa": {
            "BLEU": 0.10975314931214611,
            "METEOR": {
                "meteor": 0.01913295638237736
            },
            "ChrF": 4.158082587362503,
            "ROUGE": {
                "rouge1": 0.011157205546888182,
                "rouge2": 0.003724377518977326,
                "rougeL": 0.011485895608892493,
                "rougeLsum": 0.011168885087796041
            },
            "BERTScore": 0.32350547794924406,
            "SQuAD": {
                "exact_match": 0.0,
                "f1": 0.6514926660470564
            }
        },
        "multiple_choice": {
            "BLEU": 0.012902887047629851,
            "METEOR": {
                "meteor": 0.02649730169819455
            },
            "ChrF": 5.025199608055298,
            "ROUGE": {
                "rouge1": 0.014632163955011242,
                "rouge2": 0.002334983072983795,
                "rougeL": 0.013871072302374183,
                "rougeLsum": 0.014134592205399064
            },
            "BERTScore": 0.5640684075516426,
            "SQuAD": {
                "exact_match": 0.0,
                "f1": 0.8412932913954705
            }
        },
        "brainstorming": {
            "BLEU": 0.0019406272670786573,
            "METEOR": {
                "meteor": 0.026465014043693034
            },
            "ChrF": 5.140730019497153,
            "ROUGE": {
                "rouge1": 0.018587484534876964,
                "rouge2": 0.00207753938632349,
                "rougeL": 0.018174346980237045,
                "rougeLsum": 0.01805753260661612
            },
            "BERTScore": 0.5579958254466427
        },
        "classification": {
            "BLEU": 0.007892973539029626,
            "METEOR": {
                "meteor": 0.027760917197190135
            },
            "ChrF": 5.19383461798361,
            "ROUGE": {
                "rouge1": 0.012926446734632828,
                "rouge2": 0.002044163763080988,
                "rougeL": 0.012903448158071616,
                "rougeLsum": 0.012565277617578974
            },
            "BERTScore": 0.6033345657014735,
            "SQuAD": {
                "exact_match": 0.0,
                "f1": 1.0107775376260208
            }
        },
        "open_qa": {
            "BLEU": 0.0021555552905350205,
            "METEOR": {
                "meteor": 0.023881049907957613
            },
            "ChrF": 4.688463333228714,
            "ROUGE": {
                "rouge1": 0.015215740884032818,
                "rouge2": 0.002701117373778967,
                "rougeL": 0.014550362942033542,
                "rougeLsum": 0.014546516064325032
            },
            "BERTScore": 0.584927204271291,
            "SQuAD": {
                "exact_match": 0.0,
                "f1": 0.9278832335216542
            }
        },
        "summarization": {
            "BLEU": 0.1611337306859894,
            "METEOR": {
                "meteor": 0.030225954907691234
            },
            "ChrF": 5.894476862740874,
            "ROUGE": {
                "rouge1": 0.013157228269425933,
                "rouge2": 0.0024006842380816383,
                "rougeL": 0.012715521664987585,
                "rougeLsum": 0.01272366144374634
            },
            "BERTScore": 0.405035981902118
        }
    }
}