{
    "yes": {
        "creative_writing": {
            "BLEU": 1.3782314032155523,
            "METEOR": {
                "meteor": 0.12809393021787904
            },
            "ChrF": 20.350743035287575,
            "ROUGE": {
                "rouge1": 0.34921675291056276,
                "rouge2": 0.2655448739659266,
                "rougeL": 0.35157880213263537,
                "rougeLsum": 0.344718988754831
            },
            "BERTScore": 0.7961059093475342
        },
        "brainstorming": {
            "BLEU": 1.200805269069678,
            "METEOR": {
                "meteor": 0.10975955882459702
            },
            "ChrF": 18.414317500591647,
            "ROUGE": {
                "rouge1": 0.21955462225934744,
                "rouge2": 0.11422180091105134,
                "rougeL": 0.20781475366194063,
                "rougeLsum": 0.20580313557608537
            },
            "BERTScore": 0.8042635269787001
        },
        "multiple_choice": {
            "BLEU": 0.0002165398511461069,
            "METEOR": {
                "meteor": 0.04624483502026456
            },
            "ChrF": 5.5440506845832624,
            "ROUGE": {
                "rouge1": 0.15572012705720784,
                "rouge2": 0.030207189768245005,
                "rougeL": 0.14787088874541074,
                "rougeLsum": 0.1488708755384257
            },
            "BERTScore": 0.5319781341525012,
            "SQuAD": {
                "exact_match": 0.0,
                "f1": 7.182013288387658
            }
        },
        "closed_qa": {
            "BLEU": 1.0921993699991739,
            "METEOR": {
                "meteor": 0.1389267325522614
            },
            "ChrF": 15.11640066510873,
            "ROUGE": {
                "rouge1": 0.19737766924686617,
                "rouge2": 0.12495805632660549,
                "rougeL": 0.19139941727142404,
                "rougeLsum": 0.19074591037048053
            },
            "BERTScore": 0.6567025894778116,
            "SQuAD": {
                "exact_match": 0.0,
                "f1": 13.305144401134122
            }
        },
        "classification": {
            "BLEU": 0.1580404843585717,
            "METEOR": {
                "meteor": 0.0824986230008356
            },
            "ChrF": 11.758144071304205,
            "ROUGE": {
                "rouge1": 0.07565902025163797,
                "rouge2": 0.023742460691069712,
                "rougeL": 0.0734841960900142,
                "rougeLsum": 0.07358599838463305
            },
            "BERTScore": 0.7852449527358621,
            "SQuAD": {
                "exact_match": 0.0,
                "f1": 3.51442570590339
            }
        },
        "open_qa": {
            "BLEU": 0.6983405314033321,
            "METEOR": {
                "meteor": 0.09301891781200837
            },
            "ChrF": 15.302947919276477,
            "ROUGE": {
                "rouge1": 0.1263926495023544,
                "rouge2": 0.06737546695909237,
                "rougeL": 0.12286674839769374,
                "rougeLsum": 0.12289553124348404
            },
            "BERTScore": 0.7694511458086934,
            "SQuAD": {
                "exact_match": 0.0,
                "f1": 4.37246191640803
            }
        },
        "summarization": {
            "BLEU": 11.708738037112196,
            "METEOR": {
                "meteor": 0.28893007316865266
            },
            "ChrF": 33.97947471930517,
            "ROUGE": {
                "rouge1": 0.3221824521880051,
                "rouge2": 0.19731214590969887,
                "rougeL": 0.3070652972773736,
                "rougeLsum": 0.3072271370645892
            },
            "BERTScore": 0.840566949173127
        }
    },
    "no": {
        "creative_writing": {
            "BLEU": 1.4602378332619876,
            "METEOR": {
                "meteor": 0.12466666953413003
            },
            "ChrF": 20.7689056452164,
            "ROUGE": {
                "rouge1": 0.22917443416563593,
                "rouge2": 0.1406904669706188,
                "rougeL": 0.22168397100379478,
                "rougeLsum": 0.22073990781931968
            },
            "BERTScore": 0.7701893809896249
        },
        "multiple_choice": {
            "BLEU": 1.4985872961732562e-06,
            "METEOR": {
                "meteor": 0.044489162434282505
            },
            "ChrF": 4.439504161577661,
            "ROUGE": {
                "rouge1": 0.1334397054640935,
                "rouge2": 0.022285699710180764,
                "rougeL": 0.13400930119695298,
                "rougeLsum": 0.13382118138630925
            },
            "BERTScore": 0.5479837477755692,
            "SQuAD": {
                "exact_match": 0.0,
                "f1": 6.6010526206582485
            }
        },
        "closed_qa": {
            "BLEU": 3.683772998030341,
            "METEOR": {
                "meteor": 0.15916900411406948
            },
            "ChrF": 20.494854819270902,
            "ROUGE": {
                "rouge1": 0.21400324660055547,
                "rouge2": 0.13403370913942397,
                "rougeL": 0.2043537114417748,
                "rougeLsum": 0.20472049824527874
            },
            "BERTScore": 0.7757000860864999,
            "SQuAD": {
                "exact_match": 0.0,
                "f1": 14.004410365525688
            }
        },
        "classification": {
            "BLEU": 0.16149301614982742,
            "METEOR": {
                "meteor": 0.08175671055521226
            },
            "ChrF": 11.554748678382124,
            "ROUGE": {
                "rouge1": 0.08124828137087524,
                "rouge2": 0.03185398449867781,
                "rougeL": 0.07957922626175831,
                "rougeLsum": 0.07982029238991974
            },
            "BERTScore": 0.8003228772300747,
            "SQuAD": {
                "exact_match": 0.0,
                "f1": 3.812908657039085
            }
        },
        "brainstorming": {
            "BLEU": 1.1081706636354693,
            "METEOR": {
                "meteor": 0.11259227778336382
            },
            "ChrF": 17.892844145560034,
            "ROUGE": {
                "rouge1": 0.2107913122910513,
                "rouge2": 0.1135280749038218,
                "rougeL": 0.19932218503033444,
                "rougeLsum": 0.20016238569428113
            },
            "BERTScore": 0.7978888534349027
        },
        "open_qa": {
            "BLEU": 0.7087265022798862,
            "METEOR": {
                "meteor": 0.09523743854900207
            },
            "ChrF": 15.184349788443022,
            "ROUGE": {
                "rouge1": 0.12375062486926099,
                "rouge2": 0.061820158352638044,
                "rougeL": 0.11834616328349729,
                "rougeLsum": 0.11868353012624003
            },
            "BERTScore": 0.8027675673198913,
            "SQuAD": {
                "exact_match": 0.0,
                "f1": 4.606397154373981
            }
        },
        "summarization": {
            "BLEU": 11.135382524654643,
            "METEOR": {
                "meteor": 0.28367275374075374
            },
            "ChrF": 32.385308938337,
            "ROUGE": {
                "rouge1": 0.32268572006430146,
                "rouge2": 0.1976158806664814,
                "rougeL": 0.3051624552264995,
                "rougeLsum": 0.30534821287904085
            },
            "BERTScore": 0.8596754089068654
        }
    }
}