{
    "yes": {
        "brainstorming": {
            "BLEU": 0.04155194005794957,
            "METEOR": {
                "meteor": 0.056791930586056874
            },
            "ChrF": 9.538909929021528,
            "ROUGE": {
                "rouge1": 0.06196300338705492,
                "rouge2": 0.027702551120161747,
                "rougeL": 0.06036209069655826,
                "rougeLsum": 0.05999961698523268
            },
            "BERTScore": 0.7047760557869206
        },
        "creative_writing": {
            "BLEU": 0.008433782850455936,
            "METEOR": {
                "meteor": 0.03682534393060151
            },
            "ChrF": 8.182448385301576,
            "ROUGE": {
                "rouge1": 0.04927732366156012,
                "rouge2": 0.024999999999999998,
                "rougeL": 0.04599911582670204,
                "rougeLsum": 0.046470834686659815
            },
            "BERTScore": 0.6412956088781356
        },
        "multiple_choice": {
            "BLEU": 0.035469445504039986,
            "METEOR": {
                "meteor": 0.07735515297738876
            },
            "ChrF": 9.894996295539697,
            "ROUGE": {
                "rouge1": 0.10514340394906813,
                "rouge2": 0.02824825813533926,
                "rougeL": 0.09774027383921034,
                "rougeLsum": 0.0988675958049223
            },
            "BERTScore": 0.7036469807458479,
            "SQuAD": {
                "exact_match": 0.0,
                "f1": 6.387593322336581
            }
        },
        "closed_qa": {
            "BLEU": 0.002010536676150542,
            "METEOR": {
                "meteor": 0.06907214524480099
            },
            "ChrF": 7.511920480605008,
            "ROUGE": {
                "rouge1": 0.10938880463333153,
                "rouge2": 0.059892285039177706,
                "rougeL": 0.10759550113418045,
                "rougeLsum": 0.10863580689178742
            },
            "BERTScore": 0.6090599833215987,
            "SQuAD": {
                "exact_match": 0.0,
                "f1": 9.009578985797713
            }
        },
        "classification": {
            "BLEU": 0.0073245926925179766,
            "METEOR": {
                "meteor": 0.05320519887729722
            },
            "ChrF": 7.682437274481189,
            "ROUGE": {
                "rouge1": 0.04582104188041426,
                "rouge2": 0.015923245104302312,
                "rougeL": 0.04453902797251702,
                "rougeLsum": 0.04428383565430556
            },
            "BERTScore": 0.7355047564923278,
            "SQuAD": {
                "exact_match": 0.0,
                "f1": 3.4669235400910683
            }
        },
        "open_qa": {
            "BLEU": 0.01650437068125398,
            "METEOR": {
                "meteor": 0.05216225509265567
            },
            "ChrF": 8.270777222341385,
            "ROUGE": {
                "rouge1": 0.06255067538236615,
                "rouge2": 0.024669603588519867,
                "rougeL": 0.06122405418850369,
                "rougeLsum": 0.06137025422021582
            },
            "BERTScore": 0.714657049345258,
            "SQuAD": {
                "exact_match": 0.0,
                "f1": 2.4077341355700077
            }
        },
        "summarization": {
            "BLEU": 0.5708507761009984,
            "METEOR": {
                "meteor": 0.12669352821273203
            },
            "ChrF": 15.188186610964479,
            "ROUGE": {
                "rouge1": 0.10969422361795227,
                "rouge2": 0.05194344827527732,
                "rougeL": 0.10798628942971568,
                "rougeLsum": 0.10817938600077157
            },
            "BERTScore": 0.7577145317027948
        }
    },
    "no": {
        "creative_writing": {
            "BLEU": 0.022466565277815768,
            "METEOR": {
                "meteor": 0.05062785881688671
            },
            "ChrF": 9.03332389181989,
            "ROUGE": {
                "rouge1": 0.08116663990959877,
                "rouge2": 0.033733549000931076,
                "rougeL": 0.07995605971201768,
                "rougeLsum": 0.08046980275503413
            },
            "BERTScore": 0.6937236020771357
        },
        "closed_qa": {
            "BLEU": 0.0019513636083365858,
            "METEOR": {
                "meteor": 0.059439508633401354
            },
            "ChrF": 7.982184237893227,
            "ROUGE": {
                "rouge1": 0.08249476965179112,
                "rouge2": 0.050417509121774465,
                "rougeL": 0.08207153556362033,
                "rougeLsum": 0.08139516764601991
            },
            "BERTScore": 0.6844243655195001,
            "SQuAD": {
                "exact_match": 0.0,
                "f1": 7.879129933817024
            }
        },
        "multiple_choice": {
            "BLEU": 0.05539921171471893,
            "METEOR": {
                "meteor": 0.07398397710374562
            },
            "ChrF": 9.59881546887332,
            "ROUGE": {
                "rouge1": 0.06690240982442408,
                "rouge2": 0.017586552619456127,
                "rougeL": 0.062906785910752,
                "rougeLsum": 0.063173344813908
            },
            "BERTScore": 0.7089734433984464,
            "SQuAD": {
                "exact_match": 0.0,
                "f1": 5.047696986889544
            }
        },
        "brainstorming": {
            "BLEU": 0.024362346430071794,
            "METEOR": {
                "meteor": 0.05595471361327904
            },
            "ChrF": 9.294612943195691,
            "ROUGE": {
                "rouge1": 0.046581026979717916,
                "rouge2": 0.015876355264904198,
                "rougeL": 0.04544824126565962,
                "rougeLsum": 0.04515979593922442
            },
            "BERTScore": 0.7355433899819371
        },
        "classification": {
            "BLEU": 0.013090747172396546,
            "METEOR": {
                "meteor": 0.05550213461393851
            },
            "ChrF": 8.03236470426288,
            "ROUGE": {
                "rouge1": 0.048843322505653805,
                "rouge2": 0.013789571795094137,
                "rougeL": 0.048789074518815145,
                "rougeLsum": 0.049034649078840364
            },
            "BERTScore": 0.7554903219539053,
            "SQuAD": {
                "exact_match": 0.0,
                "f1": 3.030477898886313
            }
        },
        "open_qa": {
            "BLEU": 0.03583335821099723,
            "METEOR": {
                "meteor": 0.056344167671703034
            },
            "ChrF": 9.17788022518627,
            "ROUGE": {
                "rouge1": 0.03888356103211861,
                "rouge2": 0.013726384226283408,
                "rougeL": 0.038556584822579974,
                "rougeLsum": 0.0385446871408084
            },
            "BERTScore": 0.7597141538223697,
            "SQuAD": {
                "exact_match": 0.0,
                "f1": 2.371458666666863
            }
        },
        "summarization": {
            "BLEU": 0.37020560772123207,
            "METEOR": {
                "meteor": 0.11718028662933404
            },
            "ChrF": 13.821176049288528,
            "ROUGE": {
                "rouge1": 0.09552303081976356,
                "rouge2": 0.0434654374187208,
                "rougeL": 0.09371732682040641,
                "rougeLsum": 0.09341961681998126
            },
            "BERTScore": 0.7866516661781562
        }
    }
}