{
    "yes": {
        "creative_writing": {
            "BLEU": 0.011930241541337665,
            "METEOR": {
                "meteor": 0.021309358977129468
            },
            "ChrF": 3.7419485497610165,
            "ROUGE": {
                "rouge1": 0.015138064720310151,
                "rouge2": 0.003125,
                "rougeL": 0.014196534535960122,
                "rougeLsum": 0.014615871508821899
            },
            "BERTScore": 0.48563980758190156
        },
        "brainstorming": {
            "BLEU": 1.6834061620417813e-06,
            "METEOR": {
                "meteor": 0.01797270339675293
            },
            "ChrF": 3.515616814341077,
            "ROUGE": {
                "rouge1": 0.009510869565217392,
                "rouge2": 0.0,
                "rougeL": 0.009646739130434782,
                "rougeLsum": 0.010093167701863352
            },
            "BERTScore": 0.534087967613469
        },
        "multiple_choice": {
            "BLEU": 2.882985627771801e-10,
            "METEOR": {
                "meteor": 0.015138702619382058
            },
            "ChrF": 1.8064650632027452,
            "ROUGE": {
                "rouge1": 0.03986288592079246,
                "rouge2": 0.003171247357293869,
                "rougeL": 0.03871267313653813,
                "rougeLsum": 0.039463174885305284
            },
            "BERTScore": 0.4763833788591762,
            "SQuAD": {
                "exact_match": 0.0,
                "f1": 1.4136888080970664
            }
        },
        "closed_qa": {
            "BLEU": 1.3780533945624798e-10,
            "METEOR": {
                "meteor": 0.009764288780361187
            },
            "ChrF": 1.2510144297319084,
            "ROUGE": {
                "rouge1": 0.006330992503790229,
                "rouge2": 0.0,
                "rougeL": 0.006222159954752305,
                "rougeLsum": 0.0064060138166632035
            },
            "BERTScore": 0.369761563198907,
            "SQuAD": {
                "exact_match": 0.0,
                "f1": 0.23343164470583125
            }
        },
        "classification": {
            "BLEU": 1.577838029204543e-07,
            "METEOR": {
                "meteor": 0.016969474720985298
            },
            "ChrF": 2.7395444935355435,
            "ROUGE": {
                "rouge1": 0.010251796930364633,
                "rouge2": 0.001895953428734812,
                "rougeL": 0.010080560957775288,
                "rougeLsum": 0.010029543432247566
            },
            "BERTScore": 0.5227910450440112,
            "SQuAD": {
                "exact_match": 0.0,
                "f1": 0.9542208872115322
            }
        },
        "summarization": {
            "BLEU": 0.00015799467761505037,
            "METEOR": {
                "meteor": 0.023336357538932602
            },
            "ChrF": 3.1157454510908913,
            "ROUGE": {
                "rouge1": 0.029266676764736547,
                "rouge2": 0.009469848983422307,
                "rougeL": 0.028769158214825605,
                "rougeLsum": 0.02887014988148922
            },
            "BERTScore": 0.4775538752757871
        },
        "open_qa": {
            "BLEU": 7.986054289311585e-07,
            "METEOR": {
                "meteor": 0.017345785752077042
            },
            "ChrF": 2.97146681565108,
            "ROUGE": {
                "rouge1": 0.02222775128797765,
                "rouge2": 0.004519584038566504,
                "rougeL": 0.02218967206502171,
                "rougeLsum": 0.022353447280179392
            },
            "BERTScore": 0.5044012806069631,
            "SQuAD": {
                "exact_match": 0.0,
                "f1": 0.6825903903548189
            }
        }
    },
    "no": {
        "creative_writing": {
            "BLEU": 3.487657542727607e-05,
            "METEOR": {
                "meteor": 0.024274625008027732
            },
            "ChrF": 4.523115535606028,
            "ROUGE": {
                "rouge1": 0.015007150497867734,
                "rouge2": 0.0035326326945155887,
                "rougeL": 0.014736684249140614,
                "rougeLsum": 0.014835590817025283
            },
            "BERTScore": 0.5082195518681636
        },
        "closed_qa": {
            "BLEU": 3.229742702314277e-18,
            "METEOR": {
                "meteor": 0.006083263696850433
            },
            "ChrF": 0.9548490586274812,
            "ROUGE": {
                "rouge1": 0.0031714355061686467,
                "rouge2": 0.0005122950819672131,
                "rougeL": 0.0024175072560739647,
                "rougeLsum": 0.002413099074620442
            },
            "BERTScore": 0.4047952130070475,
            "SQuAD": {
                "exact_match": 0.0,
                "f1": 0.24609843118249222
            }
        },
        "multiple_choice": {
            "BLEU": 2.8934467825077106e-15,
            "METEOR": {
                "meteor": 0.009336583671232697
            },
            "ChrF": 0.9529320738288289,
            "ROUGE": {
                "rouge1": 0.033411214226202066,
                "rouge2": 0.0044093550120202826,
                "rougeL": 0.03277424338522523,
                "rougeLsum": 0.03328462238243622
            },
            "BERTScore": 0.42188470924924487,
            "SQuAD": {
                "exact_match": 0.0,
                "f1": 0.8639484974337808
            }
        },
        "brainstorming": {
            "BLEU": 4.680490224003556e-06,
            "METEOR": {
                "meteor": 0.022821694364245654
            },
            "ChrF": 3.9425259048555437,
            "ROUGE": {
                "rouge1": 0.020561249446731565,
                "rouge2": 0.005210359595493182,
                "rougeL": 0.01985606581607243,
                "rougeLsum": 0.020002892580518378
            },
            "BERTScore": 0.585397720896207
        },
        "classification": {
            "BLEU": 1.6443238201927794e-08,
            "METEOR": {
                "meteor": 0.016962034929162276
            },
            "ChrF": 2.597406276255719,
            "ROUGE": {
                "rouge1": 0.012695620078541251,
                "rouge2": 0.003076049222973912,
                "rougeL": 0.012443038804011982,
                "rougeLsum": 0.012689262038886456
            },
            "BERTScore": 0.5493274104958117,
            "SQuAD": {
                "exact_match": 0.0,
                "f1": 1.1081864062497553
            }
        },
        "open_qa": {
            "BLEU": 4.931752281221667e-07,
            "METEOR": {
                "meteor": 0.017232314125394346
            },
            "ChrF": 3.0784839100525914,
            "ROUGE": {
                "rouge1": 0.014574944569855648,
                "rouge2": 0.003517794579277719,
                "rougeL": 0.014547489732082022,
                "rougeLsum": 0.014405931271692445
            },
            "BERTScore": 0.5319864700071231,
            "SQuAD": {
                "exact_match": 0.0,
                "f1": 0.6963992564493434
            }
        },
        "summarization": {
            "BLEU": 2.392087547551268e-09,
            "METEOR": {
                "meteor": 0.015046622705758416
            },
            "ChrF": 1.8820313728008324,
            "ROUGE": {
                "rouge1": 0.013396412386324195,
                "rouge2": 0.0036403573367757504,
                "rougeL": 0.012928478020829458,
                "rougeLsum": 0.012870123303340602
            },
            "BERTScore": 0.4653717891160761
        }
    }
}