{
    "yes": {
        "creative_writing": {
            "BLEU": 0.31700885814103713,
            "METEOR": {
                "meteor": 0.0828465192525584
            },
            "ChrF": 15.516843939744348,
            "ROUGE": {
                "rouge1": 0.1702677778061194,
                "rouge2": 0.10033706690053437,
                "rougeL": 0.1681531847419058,
                "rougeLsum": 0.16810488076001878
            },
            "BERTScore": 0.6970303535461426
        },
        "brainstorming": {
            "BLEU": 2.1265714719361903,
            "METEOR": {
                "meteor": 0.11428131924198336
            },
            "ChrF": 22.421577778576225,
            "ROUGE": {
                "rouge1": 0.22009041994496117,
                "rouge2": 0.11132793167101182,
                "rougeL": 0.21449027202639653,
                "rougeLsum": 0.21591143561987397
            },
            "BERTScore": 0.7176418297964594
        },
        "closed_qa": {
            "BLEU": 0.0007978828141471202,
            "METEOR": {
                "meteor": 0.029185530998685545
            },
            "ChrF": 4.399627752501074,
            "ROUGE": {
                "rouge1": 0.05096975716570534,
                "rouge2": 0.02021293806156833,
                "rougeL": 0.04866997661066734,
                "rougeLsum": 0.04871399320280933
            },
            "BERTScore": 0.44320541109357553,
            "SQuAD": {
                "exact_match": 0.0,
                "f1": 2.0023340394922955
            }
        },
        "multiple_choice": {
            "BLEU": 2.298665715194784,
            "METEOR": {
                "meteor": 0.11977102965822332
            },
            "ChrF": 18.793131989407623,
            "ROUGE": {
                "rouge1": 0.1755981240944165,
                "rouge2": 0.043080318368328256,
                "rougeL": 0.16020736188778212,
                "rougeLsum": 0.1604864733094737
            },
            "BERTScore": 0.7194327871466792,
            "SQuAD": {
                "exact_match": 0.0,
                "f1": 7.207569999425345
            }
        },
        "classification": {
            "BLEU": 0.3119812388224265,
            "METEOR": {
                "meteor": 0.06601287545527627
            },
            "ChrF": 12.06760419724598,
            "ROUGE": {
                "rouge1": 0.0377605981323023,
                "rouge2": 0.010003298170377678,
                "rougeL": 0.03504927705226757,
                "rougeLsum": 0.035055778443573424
            },
            "BERTScore": 0.6644071983854946,
            "SQuAD": {
                "exact_match": 0.0,
                "f1": 2.0447906089472054
            }
        },
        "open_qa": {
            "BLEU": 0.7521526011948344,
            "METEOR": {
                "meteor": 0.07975397591389297
            },
            "ChrF": 15.774545515346691,
            "ROUGE": {
                "rouge1": 0.11191841375123358,
                "rouge2": 0.05734559380788585,
                "rougeL": 0.10768868791861906,
                "rougeLsum": 0.10768338290521513
            },
            "BERTScore": 0.6809368999211242,
            "SQuAD": {
                "exact_match": 0.0,
                "f1": 3.073253584851136
            }
        },
        "summarization": {
            "BLEU": 0.8193092275081477,
            "METEOR": {
                "meteor": 0.0807257727498916
            },
            "ChrF": 12.820182012043105,
            "ROUGE": {
                "rouge1": 0.08254095494535721,
                "rouge2": 0.04055327901878201,
                "rougeL": 0.0793148687528855,
                "rougeLsum": 0.07949218787589904
            },
            "BERTScore": 0.5930869532187197
        }
    },
    "no": {
        "creative_writing": {
            "BLEU": 1.0792715150301042,
            "METEOR": {
                "meteor": 0.1103441008016906
            },
            "ChrF": 21.867969562234478,
            "ROUGE": {
                "rouge1": 0.135643278214978,
                "rouge2": 0.0655008596308892,
                "rougeL": 0.1292075005431318,
                "rougeLsum": 0.1299409206807794
            },
            "BERTScore": 0.6919947822506611
        },
        "closed_qa": {
            "BLEU": 0.0022845537051122285,
            "METEOR": {
                "meteor": 0.03131944173477282
            },
            "ChrF": 5.449489387711134,
            "ROUGE": {
                "rouge1": 0.048648226362316783,
                "rouge2": 0.022442148294654973,
                "rougeL": 0.04750768356790446,
                "rougeLsum": 0.047045751871827864
            },
            "BERTScore": 0.5648798132773306,
            "SQuAD": {
                "exact_match": 0.0,
                "f1": 1.752608468026907
            }
        },
        "multiple_choice": {
            "BLEU": 1.7047563564486194,
            "METEOR": {
                "meteor": 0.09402702671144196
            },
            "ChrF": 15.021245294936488,
            "ROUGE": {
                "rouge1": 0.10100446415216432,
                "rouge2": 0.016629283299550317,
                "rougeL": 0.09385677968892246,
                "rougeLsum": 0.0939179462899561
            },
            "BERTScore": 0.6996607549168581,
            "SQuAD": {
                "exact_match": 0.0,
                "f1": 4.216717409457675
            }
        },
        "classification": {
            "BLEU": 0.6110013357024845,
            "METEOR": {
                "meteor": 0.08110651698273617
            },
            "ChrF": 13.779544533884792,
            "ROUGE": {
                "rouge1": 0.0647514709305681,
                "rouge2": 0.022109157199988,
                "rougeL": 0.06404410599962349,
                "rougeLsum": 0.06346414856140982
            },
            "BERTScore": 0.7111256798899425,
            "SQuAD": {
                "exact_match": 0.0,
                "f1": 3.2973545959685873
            }
        },
        "brainstorming": {
            "BLEU": 1.3296968156853701,
            "METEOR": {
                "meteor": 0.10735564009775904
            },
            "ChrF": 19.847125952933798,
            "ROUGE": {
                "rouge1": 0.17716585176480654,
                "rouge2": 0.08424376019916971,
                "rougeL": 0.1667313904700257,
                "rougeLsum": 0.1671564877768297
            },
            "BERTScore": 0.7164320225849867
        },
        "open_qa": {
            "BLEU": 1.2241847005170374,
            "METEOR": {
                "meteor": 0.09577961529703402
            },
            "ChrF": 18.103426367375274,
            "ROUGE": {
                "rouge1": 0.13736930340955764,
                "rouge2": 0.07094750970801998,
                "rougeL": 0.13162559902942417,
                "rougeLsum": 0.13211743641482943
            },
            "BERTScore": 0.7419597317341723,
            "SQuAD": {
                "exact_match": 0.0,
                "f1": 3.952242126093479
            }
        },
        "summarization": {
            "BLEU": 0.17671027258791053,
            "METEOR": {
                "meteor": 0.06432918706173335
            },
            "ChrF": 9.780581478417394,
            "ROUGE": {
                "rouge1": 0.06345495237429331,
                "rouge2": 0.02926548792830683,
                "rougeL": 0.060397814372484926,
                "rougeLsum": 0.06048739389818415
            },
            "BERTScore": 0.5996467908344865
        }
    }
}