{
    "yes": {
        "creative_writing": {
            "BLEU": 0.46295129515713196,
            "METEOR": {
                "meteor": 0.08932879579858853
            },
            "ChrF": 18.122544676608463,
            "ROUGE": {
                "rouge1": 0.07825223435948361,
                "rouge2": 0.026504394861392833,
                "rougeL": 0.07922131163767365,
                "rougeLsum": 0.07783104351453561
            },
            "BERTScore": 0.6045413196086884
        },
        "brainstorming": {
            "BLEU": 1.397138337638046,
            "METEOR": {
                "meteor": 0.12621797061509277
            },
            "ChrF": 24.42553412684943,
            "ROUGE": {
                "rouge1": 0.26360532917492585,
                "rouge2": 0.10421545692297138,
                "rougeL": 0.24748557304909563,
                "rougeLsum": 0.24889025920064073
            },
            "BERTScore": 0.7160535415877467
        },
        "multiple_choice": {
            "BLEU": 0.7021117490644827,
            "METEOR": {
                "meteor": 0.07240374829441497
            },
            "ChrF": 13.19293121281021,
            "ROUGE": {
                "rouge1": 0.11624725297350308,
                "rouge2": 0.02264670999282098,
                "rougeL": 0.10483499116379617,
                "rougeLsum": 0.10485070497876478
            },
            "BERTScore": 0.6695804502381835,
            "SQuAD": {
                "exact_match": 0.0,
                "f1": 3.946508246157659
            }
        },
        "closed_qa": {
            "BLEU": 1.1783596830650283,
            "METEOR": {
                "meteor": 0.07203837412538677
            },
            "ChrF": 11.601109738953939,
            "ROUGE": {
                "rouge1": 0.10582744576702072,
                "rouge2": 0.06018719201034796,
                "rougeL": 0.09692548034429595,
                "rougeLsum": 0.09623797857867425
            },
            "BERTScore": 0.5745392952646529,
            "SQuAD": {
                "exact_match": 0.0,
                "f1": 4.150658093448817
            }
        },
        "classification": {
            "BLEU": 0.8186262624363722,
            "METEOR": {
                "meteor": 0.08025545289188526
            },
            "ChrF": 15.439663225688479,
            "ROUGE": {
                "rouge1": 0.05530525270569559,
                "rouge2": 0.0172265554095496,
                "rougeL": 0.052291931851386635,
                "rougeLsum": 0.05180674110740566
            },
            "BERTScore": 0.7182528228779149,
            "SQuAD": {
                "exact_match": 0.0,
                "f1": 3.409534311834868
            }
        },
        "open_qa": {
            "BLEU": 1.092776279110921,
            "METEOR": {
                "meteor": 0.09325565031385852
            },
            "ChrF": 18.770279561925182,
            "ROUGE": {
                "rouge1": 0.16927485155355138,
                "rouge2": 0.08618250093501661,
                "rougeL": 0.16321654264922486,
                "rougeLsum": 0.1624356616890583
            },
            "BERTScore": 0.6713608915826166,
            "SQuAD": {
                "exact_match": 0.0,
                "f1": 4.736622601291131
            }
        },
        "summarization": {
            "BLEU": 2.9598559403353457,
            "METEOR": {
                "meteor": 0.1265527563139931
            },
            "ChrF": 21.001856363503197,
            "ROUGE": {
                "rouge1": 0.13335293156646358,
                "rouge2": 0.06091011181174424,
                "rougeL": 0.12586362522505062,
                "rougeLsum": 0.12590578421896878
            },
            "BERTScore": 0.7271814733144352
        }
    },
    "no": {
        "creative_writing": {
            "BLEU": 1.082734516938731,
            "METEOR": {
                "meteor": 0.11794203513220866
            },
            "ChrF": 21.710743401937496,
            "ROUGE": {
                "rouge1": 0.13759918336681992,
                "rouge2": 0.06416270010703456,
                "rougeL": 0.13246118419455163,
                "rougeLsum": 0.131909508185289
            },
            "BERTScore": 0.6699674513477546
        },
        "multiple_choice": {
            "BLEU": 0.930913736084318,
            "METEOR": {
                "meteor": 0.06973366960247786
            },
            "ChrF": 12.56622030297735,
            "ROUGE": {
                "rouge1": 0.07238124794582015,
                "rouge2": 0.01676081759427224,
                "rougeL": 0.06612704368219835,
                "rougeLsum": 0.06602745007793549
            },
            "BERTScore": 0.6466322897767728,
            "SQuAD": {
                "exact_match": 0.0,
                "f1": 2.8165817468259537
            }
        },
        "closed_qa": {
            "BLEU": 2.3430382783438826,
            "METEOR": {
                "meteor": 0.09909224832654902
            },
            "ChrF": 17.35088652180184,
            "ROUGE": {
                "rouge1": 0.09231874906766058,
                "rouge2": 0.03380707889223469,
                "rougeL": 0.08614834871526064,
                "rougeLsum": 0.08551749805384004
            },
            "BERTScore": 0.6845036278494069,
            "SQuAD": {
                "exact_match": 0.0,
                "f1": 3.421452177671412
            }
        },
        "classification": {
            "BLEU": 1.3302454412856985,
            "METEOR": {
                "meteor": 0.09369192169972969
            },
            "ChrF": 16.95255583024177,
            "ROUGE": {
                "rouge1": 0.0677610712951102,
                "rouge2": 0.02053319198797007,
                "rougeL": 0.06662755936180936,
                "rougeLsum": 0.06593210629824867
            },
            "BERTScore": 0.7751366900197236,
            "SQuAD": {
                "exact_match": 0.0,
                "f1": 4.628232243666182
            }
        },
        "brainstorming": {
            "BLEU": 1.3579751323060543,
            "METEOR": {
                "meteor": 0.12462820425076987
            },
            "ChrF": 22.617381256966468,
            "ROUGE": {
                "rouge1": 0.2581139354226886,
                "rouge2": 0.1262999701787314,
                "rougeL": 0.2518863561125869,
                "rougeLsum": 0.2512525475001991
            },
            "BERTScore": 0.7149504797068742
        },
        "open_qa": {
            "BLEU": 1.3581317276246443,
            "METEOR": {
                "meteor": 0.10523959364168241
            },
            "ChrF": 20.50973776968807,
            "ROUGE": {
                "rouge1": 0.20627434851829096,
                "rouge2": 0.1031278060282991,
                "rougeL": 0.1978528407708759,
                "rougeLsum": 0.19761868491392526
            },
            "BERTScore": 0.7114192224722314,
            "SQuAD": {
                "exact_match": 0.0,
                "f1": 5.731346924520839
            }
        },
        "summarization": {
            "BLEU": 3.152262578401128,
            "METEOR": {
                "meteor": 0.13249500042445034
            },
            "ChrF": 20.106712117222592,
            "ROUGE": {
                "rouge1": 0.13106120137486166,
                "rouge2": 0.06141479152597956,
                "rougeL": 0.12331401795770547,
                "rougeLsum": 0.12258643688040889
            },
            "BERTScore": 0.7651599470199733
        }
    }
}